allele,frequency
C*01:02,0.034
C*01:03,0.00001
C*01:06,0
C*01:07,0
C*01:12,0
C*01:13,0
C*01:17,0
C*01:27,0
C*01:51,0
C*02:02,0.044
C*02:03,0
C*02:06,0.00001
C*02:07,0
C*02:08,0
C*02:16,0
C*02:19,0.00001
C*02:26,0
C*02:27,0
C*03:02,0.00219
C*03:03,0.053
C*03:04,0.075
C*03:05,0.00002
C*03:06,0.00001
C*03:07,0.00001
C*03:08,0
C*03:09,0.00001
C*03:10,0.00001
C*03:11,0
C*03:13,0
C*03:14,0.00003
C*03:16,0.00001
C*03:18,0
C*03:19,0.00001
C*03:23,0
C*03:30,0
C*03:35,0
C*03:40,0.00001
C*03:44,0
C*03:53,0
C*03:69,0
C*03:82,0
C*04:01,0.106
C*04:03,0.00007
C*04:04,0.00003
C*04:05,0
C*04:06,0
C*04:07,0.00001
C*04:08,0
C*04:11,0
C*04:12,0
C*04:15,0
C*04:16,0
C*04:23,0
C*04:24,0
C*04:29,0
C*04:32,0
C*04:33,0
C*04:36,0
C*04:37,0
C*04:49,0
C*04:52,0
C*04:54,0
C*04:63,0
C*04:77,0
C*05:01,0.094
C*05:05,0.00002
C*05:06,0
C*05:07N,0.00002
C*05:08,0.00001
C*05:09,0.00001
C*05:10,0
C*05:11,0
C*05:13,0
C*05:14,0
C*05:22,0
C*05:27,0
C*05:29,0
C*05:36,0
C*05:38,0
C*05:39,0
C*06:02,0.093
C*06:03,0
C*06:04,0.00001
C*06:06,0.00003
C*06:07,0.00001
C*06:08,0
C*06:11,0
C*06:14,0
C*06:16N,0
C*06:17,0
C*06:20,0
C*06:23,0
C*06:30,0
C*07:01,0.16
C*07:02,0.141
C*07:04,0.015
C*07:07,0.00001
C*07:09,0
C*07:10,0.00001
C*07:104N,0
C*07:12,0.00002
C*07:13,0
C*07:133,0
C*07:140,0.00001
C*07:141,0
C*07:15,0
C*07:16,0
C*07:165,0
C*07:17,0
C*07:19,0
C*07:21,0
C*07:22,0
C*07:24,0
C*07:25,0.00001
C*07:27,0.00001
C*07:28,0
C*07:29,0
C*07:32N,0
C*07:33N,0
C*07:36,0
C*07:38,0
C*07:40,0
C*07:43,0
C*07:46,0
C*07:51,0
C*07:60,0
C*07:68,0
C*07:70,0
C*07:71,0
C*07:72,0
C*07:85,0
C*07:92,0
C*08:01,0.00042
C*08:02,0.038
C*08:03,0.00041
C*08:04,0.00002
C*08:05,0
C*08:06,0
C*08:07,0
C*08:10,0
C*08:12,0
C*08:15,0
C*08:30,0
C*12:02,0.00869
C*12:03,0.049
C*12:04,0
C*12:05,0.00003
C*12:06,0
C*12:09,0
C*12:12,0
C*12:13,0.00001
C*12:14,0
C*12:16,0
C*12:21,0
C*12:24,0
C*12:34,0
C*12:51,0
C*14:02,0.013
C*14:03,0.00006
C*14:04,0.00002
C*14:05,0.00001
C*14:11,0
C*15:02,0.022
C*15:03,0
C*15:04,0.00008
C*15:05,0.00345
C*15:06,0.00005
C*15:07,0
C*15:09,0.00001
C*15:11,0.00007
C*15:15,0
C*15:16,0
C*15:17,0
C*15:23,0
C*16:01,0.034
C*16:02,0.00275
C*16:04,0.00055
C*16:07,0
C*16:27,0
C*17:01,0.00878
C*18:01,0.00025